collection_name	type	id
data_object_set	nmdc:DataObject	nmdc:9f01c13bcea834da2c37f174935c9f1e
data_object_set	nmdc:DataObject	nmdc:6925f067188452145dbbef7e94bf0b65
data_object_set	nmdc:DataObject	nmdc:19a72ae1120f929c620b56189a81a3d9
data_object_set	nmdc:DataObject	nmdc:5ad02b131a390b65a424b1cd6e2447dd
data_object_set	nmdc:DataObject	nmdc:283a48b6c9e677914acc9995ab4ccedc
metagenome_assembly_set	nmdc:MetagenomeAssembly	nmdc:bf1804579749f77ffa53fb5374466894
data_object_set	nmdc:DataObject	nmdc:24be75be3850137d6a7d43547f36f941
data_object_set	nmdc:DataObject	nmdc:38fb6bf2888ca9b8909bcfa567abaab4
data_object_set	nmdc:DataObject	nmdc:6658c27261dfe1ad1dc3d6c87441cd68
data_object_set	nmdc:DataObject	nmdc:4da7c3bf2fb29ba8e136265b59525ea4
data_object_set	nmdc:DataObject	nmdc:7ab75e53cb9f8f4859e18fad0c7fc30c
metagenome_assembly_set	nmdc:MetagenomeAssembly	nmdc:3a9420c939e9d1b6c662cfe16aa93c41
data_object_set	nmdc:DataObject	nmdc:7f2287c2564a46a7bf59f7c3a4373ec4
data_object_set	nmdc:DataObject	nmdc:149d662e1c5975a5a32a757bc1b08001
data_object_set	nmdc:DataObject	nmdc:ec78aa5f7e361f7a40956f5e2d6e81c7
data_object_set	nmdc:DataObject	nmdc:0e5bdd198c064009f501495de8bb4418
data_object_set	nmdc:DataObject	nmdc:4586ed365a05185c8238317e025b0c6b
metagenome_assembly_set	nmdc:MetagenomeAssembly	nmdc:9585a4f0c0e772b63998da73c5e26917
data_object_set	nmdc:DataObject	nmdc:73187ea143816c4ad5e17313448d7603
data_object_set	nmdc:DataObject	nmdc:f2250787d5898bf0a5799ec5a53b847c
data_object_set	nmdc:DataObject	nmdc:a6a23993a918fd288c1f8f0f6e84c2e9
data_object_set	nmdc:DataObject	nmdc:2d1949010d1ed5e834473e38330ae8ac
data_object_set	nmdc:DataObject	nmdc:b08e4335f8157089c87ac7707df8b21b
metagenome_assembly_set	nmdc:MetagenomeAssembly	nmdc:0acdb761a0621771b319654b99f9b780
data_object_set	nmdc:DataObject	nmdc:ff5cfbb3f561d3d85dc8241afb0cfdd7
data_object_set	nmdc:DataObject	nmdc:bd990072d130789a508203f8bdf80e08
data_object_set	nmdc:DataObject	nmdc:70ab6bfe35a390fd4b5330d395661a8b
data_object_set	nmdc:DataObject	nmdc:66b6007ce8163962fdb4b8e45edd1f27
data_object_set	nmdc:DataObject	nmdc:1f0c7dad9664ecdd55a7a724bcd9725a
metagenome_assembly_set	nmdc:MetagenomeAssembly	nmdc:5e6a570f47043af67032eeddbcd92dcc
data_object_set	nmdc:DataObject	nmdc:f849c6997666143faf4e729b6193404a
data_object_set	nmdc:DataObject	nmdc:375e1e473e18441e9080c176cabf8831
data_object_set	nmdc:DataObject	nmdc:cf2bbb596ae0e5e3e906e787a0c60253
data_object_set	nmdc:DataObject	nmdc:dcd428589885dbb8f00e501670a49a5d
data_object_set	nmdc:DataObject	nmdc:5a53989f8c0a91831c23260fd349e41d
data_object_set	nmdc:DataObject	nmdc:cad013e08e75f180fbc180e80387ed35
data_object_set	nmdc:DataObject	nmdc:2adb1c1d08fdedb4aa4faa205b837ad3
data_object_set	nmdc:DataObject	nmdc:95210ee65649c6a569e2e54656af6232
metagenome_assembly_set	nmdc:MetagenomeAssembly	nmdc:48b969725524a819fd466b4a7af8d761
metatranscriptome_activity_set	nmdc:metaT	nmdc:4da086e85617558336ba4914f6c8ab4b
data_object_set	nmdc:DataObject	nmdc:6978280949bfb79f806a0f1eb751bab7
data_object_set	nmdc:DataObject	nmdc:15c17bc91baa24259f6700c7f7714f2c
data_object_set	nmdc:DataObject	nmdc:767f9651735244a1bbd3608ca483921c
data_object_set	nmdc:DataObject	nmdc:74790e3e176d08c1be0dfff461a6c20b
data_object_set	nmdc:DataObject	nmdc:9361d26104825a6e7351a011ed90b8ec
data_object_set	nmdc:DataObject	nmdc:4730bd9ce56df101cac1ab26951dce20
data_object_set	nmdc:DataObject	nmdc:9b9a71df665fef1acdfbb0a3360dbab0
data_object_set	nmdc:DataObject	nmdc:10f05b665c93ff07548a0b46ea28b4ff
metagenome_assembly_set	nmdc:MetagenomeAssembly	nmdc:aa6fb2c4077c6ac29e279e7f40c540c7
metatranscriptome_activity_set	nmdc:metaT	nmdc:18c16f90bbe0d16dc1eceb9f548674b8
data_object_set	nmdc:DataObject	nmdc:073ee4108b8a6eb7eeed199a807d2218
data_object_set	nmdc:DataObject	nmdc:5ff4f16e9624d841fcb4ffe773a92d6c
data_object_set	nmdc:DataObject	nmdc:06208479e17d720be233c4064502d911
data_object_set	nmdc:DataObject	nmdc:bb3f40bcda0e78080d6435e564691f0a
data_object_set	nmdc:DataObject	nmdc:9efdc83a3ec26bb98cff59c52d3313ed
data_object_set	nmdc:DataObject	nmdc:30bb1a36fa7c20f4133ae54e3ff0fb6d
data_object_set	nmdc:DataObject	nmdc:fe62845b55f6eaca8c6c723cec179fe8
data_object_set	nmdc:DataObject	nmdc:8a4970f4f79d35b29f2c44efbb3264b9
metagenome_assembly_set	nmdc:MetagenomeAssembly	nmdc:593bb32f7dab3f3bdaf96aef596944aa
metatranscriptome_activity_set	nmdc:metaT	nmdc:551df525ca7e42247496a78f06bf3d2a
data_object_set	nmdc:DataObject	nmdc:d0b40c702b1a10d401c40d694637b092
data_object_set	nmdc:DataObject	nmdc:e847d707b704922f8b156c6bc5b468c0
data_object_set	nmdc:DataObject	nmdc:595f01b9f2496cf4a25203e8b5e93184
data_object_set	nmdc:DataObject	nmdc:5d25961f72ee4e762133ed677fe5092e
data_object_set	nmdc:DataObject	nmdc:23de73429ea186eb23a46592003001f4
data_object_set	nmdc:DataObject	nmdc:97e5ab988242d8ee43bea06b3699ffaf
data_object_set	nmdc:DataObject	nmdc:3180cab32153be7581a10ad54bf6696e
data_object_set	nmdc:DataObject	nmdc:769a37fa30f0242c0487398499f5dd77
metagenome_assembly_set	nmdc:MetagenomeAssembly	nmdc:06f4ce4cf554bba460906cbef0eb0469
metatranscriptome_activity_set	nmdc:metaT	nmdc:36fc337d854ea6b3b72a34efc7d082ce
data_object_set	nmdc:DataObject	nmdc:c67be2f9e06c3c44d396172ca9aed50d
data_object_set	nmdc:DataObject	nmdc:2f30238a294382b213724adaf35d932e
data_object_set	nmdc:DataObject	nmdc:d53437efcaf24778eef7b285dbbace08
data_object_set	nmdc:DataObject	nmdc:1a2c5a6baeb07545dbbc7ac0f165041e
data_object_set	nmdc:DataObject	nmdc:38476d2025aab54b89326930d1d99a7e
data_object_set	nmdc:DataObject	nmdc:890326c9819489d16b8c220beb1acbfd
data_object_set	nmdc:DataObject	nmdc:13aa8beee76cfe626fd0387011647103
data_object_set	nmdc:DataObject	nmdc:70190d8cb7fda43907d4d76d78ae32bd
metagenome_assembly_set	nmdc:MetagenomeAssembly	nmdc:b817fa895ef0478c1b520d81234ed4e6
metatranscriptome_activity_set	nmdc:metaT	nmdc:aa1d34caac3be3d5e73569a3f475ef9f
data_object_set	nmdc:DataObject	nmdc:4cbdadf247e6c52f76b104ad880e87f9
data_object_set	nmdc:DataObject	nmdc:eb7197c56e1c14c26db357109d6256b6
data_object_set	nmdc:DataObject	nmdc:4c111d63caf7258fb858868a8f60c5db
data_object_set	nmdc:DataObject	nmdc:66dcd1e5408ccdaa8ec4fd3c78edfe96
data_object_set	nmdc:DataObject	nmdc:4468a6fbc0d9abd0cb21c5a7d2a99300
data_object_set	nmdc:DataObject	nmdc:7bd1bba9c97db33619c0eac988f55598
data_object_set	nmdc:DataObject	nmdc:868bcc87e358228330a2a151b75ca209
data_object_set	nmdc:DataObject	nmdc:030808cbe8122404987a9a39540b8803
metagenome_assembly_set	nmdc:MetagenomeAssembly	nmdc:ba273004d5ebc92c8006bd0907115554
metatranscriptome_activity_set	nmdc:metaT	nmdc:ce28f6d5264c2669a19ed786d8e76ba6
data_object_set	nmdc:DataObject	nmdc:6bc7d031516e2f0ff573f10a4310e7c0
data_object_set	nmdc:DataObject	nmdc:eb74dda0d0bffb4ad4db6e46bb25c4a1
data_object_set	nmdc:DataObject	nmdc:9926810bf1cd1ef2d95d30d999db37b8
data_object_set	nmdc:DataObject	nmdc:17d87320bafa602e2e902a6aa2a2bc93
data_object_set	nmdc:DataObject	nmdc:603e3af35f33d0a5c87fc7a111c279e2
data_object_set	nmdc:DataObject	nmdc:48504eafd6d1bcfebb8abe4c69cdff14
data_object_set	nmdc:DataObject	nmdc:d98c2ddd584dad01799d7604664ae71e
data_object_set	nmdc:DataObject	nmdc:1bf3ecbb7e900055c54119a8eeeca5fb
metagenome_assembly_set	nmdc:MetagenomeAssembly	nmdc:8b713e98874225415bade4316ecb8461
metatranscriptome_activity_set	nmdc:metaT	nmdc:835a086fbd66902932f9747bb0a4aaa7
data_object_set	nmdc:DataObject	nmdc:2c7971b5b0d8d974f222c9baa0a47890
data_object_set	nmdc:DataObject	nmdc:aa296cea444bb9cd11fa82793032b1b0
data_object_set	nmdc:DataObject	nmdc:cca1ac3ab0142f63f341992f4ef4d579
data_object_set	nmdc:DataObject	nmdc:75e17767aa1bc200f6eb1637a6c69b48
data_object_set	nmdc:DataObject	nmdc:327332d6a186ebffe2c40fc2127f0b86
data_object_set	nmdc:DataObject	nmdc:4c75fee914dccf1d4f0c980b268dd246
data_object_set	nmdc:DataObject	nmdc:eb854743ead9f8e2b91528877551bc17
data_object_set	nmdc:DataObject	nmdc:12d494f22c676524537ba98733679f94
metagenome_assembly_set	nmdc:MetagenomeAssembly	nmdc:4132492c56fe1e6c7d0fa05377d5f1ff
metatranscriptome_activity_set	nmdc:metaT	nmdc:d656258f90d36cab30b3e7467b945342
data_object_set	nmdc:DataObject	nmdc:891e07bceb811b87f783568832ae84e6
data_object_set	nmdc:DataObject	nmdc:d8f2dc43879e1c4d35a063d14c7e4826
data_object_set	nmdc:DataObject	nmdc:5f48f28400adbe6ca0d2bca894f0bee9
data_object_set	nmdc:DataObject	nmdc:a7b61e3a0656ff3a98fb1e36e2f202c4
data_object_set	nmdc:DataObject	nmdc:61a987a9494fe2838ec9506394216473
data_object_set	nmdc:DataObject	nmdc:81b95edbf7bc629a883e5485e896c98c
data_object_set	nmdc:DataObject	nmdc:5968b0198d30a6b7caff8bb8b988da5d
data_object_set	nmdc:DataObject	nmdc:7d93ba005e4216c1b53c37345762731c
metagenome_assembly_set	nmdc:MetagenomeAssembly	nmdc:2dde1ce95a96f1c99872e2ad99bffc42
metatranscriptome_activity_set	nmdc:metaT	nmdc:c2c77ec3a7535421c0589422f7155af8
data_object_set	nmdc:DataObject	nmdc:65b3a13846b1db032c0159d3b14d1073
data_object_set	nmdc:DataObject	nmdc:ca3149240f9f7c91bd38ce8aedc858fc
data_object_set	nmdc:DataObject	nmdc:ef2e8f8bbff2fa30ef75935b110d9aaa
data_object_set	nmdc:DataObject	nmdc:fa5c08246104cd159e03b1764d209a7c
data_object_set	nmdc:DataObject	nmdc:0770f517a3befbbce0de2bfd786952e6
data_object_set	nmdc:DataObject	nmdc:dbc2829a4cbcd4236776e161a3970bb9
data_object_set	nmdc:DataObject	nmdc:879c00c000a1fbfbf94afd998d4169ed
data_object_set	nmdc:DataObject	nmdc:cf45418e3e01b80f426f9167be70e123
metagenome_assembly_set	nmdc:MetagenomeAssembly	nmdc:ea40b2a7c863ada2aa2f56091ffdcb22
metatranscriptome_activity_set	nmdc:metaT	nmdc:59b9b65a44178f6e84574a7d2188dbfb
data_object_set	nmdc:DataObject	nmdc:70f66e0b5439315d48f1a206ccb0f310
data_object_set	nmdc:DataObject	nmdc:d2affd46cebf4305e8805b65af1dabb3
data_object_set	nmdc:DataObject	nmdc:df2eece162d38ad930ca4af47bfb9031
data_object_set	nmdc:DataObject	nmdc:b323881063b66a4a90803e5b0d07f50a
data_object_set	nmdc:DataObject	nmdc:afe9cb71484df5b0297832f46cc01a92
data_object_set	nmdc:DataObject	nmdc:683952b4d96ca39493dcd52097f34818
data_object_set	nmdc:DataObject	nmdc:a3a595db2fefdc1cc6e79cc2e7ef6656
data_object_set	nmdc:DataObject	nmdc:cff7208edcdc96d1ea22c745319ce084
metagenome_assembly_set	nmdc:MetagenomeAssembly	nmdc:e8985fa8a5edb84840700f492b0c76e9
metatranscriptome_activity_set	nmdc:metaT	nmdc:fe98163e86002958865b1a9d24abc6c7
data_object_set	nmdc:DataObject	nmdc:1b75652bda47161a8fee86da0154c9b8
data_object_set	nmdc:DataObject	nmdc:70a770c1df5fbf45629c1b68870847cf
data_object_set	nmdc:DataObject	nmdc:9dd7ee30cd715b88c4651f376c1a7634
data_object_set	nmdc:DataObject	nmdc:9c0df326052c314b82f83291af07a5d7
data_object_set	nmdc:DataObject	nmdc:7dbb25f3ed7eb1785f0dc81841933967
data_object_set	nmdc:DataObject	nmdc:f9d892caa520b5e95fbb380005132b38
data_object_set	nmdc:DataObject	nmdc:b534e57b07bd7cb373902e137f53ecbf
data_object_set	nmdc:DataObject	nmdc:5efbf445fa5911b90c439c6762608c62
metagenome_assembly_set	nmdc:MetagenomeAssembly	nmdc:adbf503374bf6e579d9be19348b96dd5
metatranscriptome_activity_set	nmdc:metaT	nmdc:49604d2dc699750601a836e3a1ba7dea
data_object_set	nmdc:DataObject	nmdc:d7f76f9e1ad98997537bcd69130ecff9
data_object_set	nmdc:DataObject	nmdc:edee4dfb75acc9bfc836a5858db0b0c6
data_object_set	nmdc:DataObject	nmdc:e6c20f2813ece93c8954df0fac2d139f
data_object_set	nmdc:DataObject	nmdc:9819174cfbfec80593ae2e38cee69195
data_object_set	nmdc:DataObject	nmdc:ad5ec8f0ae2136ce2ede1d778ff454e6
data_object_set	nmdc:DataObject	nmdc:3b196dcf0807861e7346e3a26f7fa4ee
data_object_set	nmdc:DataObject	nmdc:b607e4866c60542397ea2b637a9f031b
data_object_set	nmdc:DataObject	nmdc:3b956715f694921287c5533cf4802e8c
metagenome_assembly_set	nmdc:MetagenomeAssembly	nmdc:dd138d54b03aacb299ca44e560853758
metatranscriptome_activity_set	nmdc:metaT	nmdc:907923dbfcf87f9b05df0162bd1e3152
data_object_set	nmdc:DataObject	nmdc:6a9a89d3b76a414bdf2ac0c08efe4c51
data_object_set	nmdc:DataObject	nmdc:d67e644ac9693e35eaaf159b30218d11
data_object_set	nmdc:DataObject	nmdc:3e2e66e31dbf9927f4e80507c8e98543
data_object_set	nmdc:DataObject	nmdc:27b4fc3afc62695a96592db68194d2aa
data_object_set	nmdc:DataObject	nmdc:84dd3b580584c7a430e8adfa94ce14e5
data_object_set	nmdc:DataObject	nmdc:8d9889a5848d9af49f1aceb3db9c6790
data_object_set	nmdc:DataObject	nmdc:32ba8f83e4f963be68b1aa49131884a8
data_object_set	nmdc:DataObject	nmdc:137797610e93dae8787f5a95bbb76571
metagenome_assembly_set	nmdc:MetagenomeAssembly	nmdc:beb826db975148e406586105d7e270dc
metatranscriptome_activity_set	nmdc:metaT	nmdc:c3ef1ce6d3da9d6161bf4a50a4d6ce38
data_object_set	nmdc:DataObject	nmdc:ee8a4203c48863ab244adaf5b7226507
data_object_set	nmdc:DataObject	nmdc:8851782e4852b0f4868bad7275ecf38b
data_object_set	nmdc:DataObject	nmdc:4fead0513bc16eff462330c6d0e0650d
data_object_set	nmdc:DataObject	nmdc:e5f2d24367235552f43a880e118ed1bc
data_object_set	nmdc:DataObject	nmdc:df3a21c2ad3861ec183f8dfb9fa84cde
data_object_set	nmdc:DataObject	nmdc:4dfa358dcf098e2086367df3c5c2f3b1
data_object_set	nmdc:DataObject	nmdc:539709d14dd219803ac41ddeb40b4108
data_object_set	nmdc:DataObject	nmdc:06a6e7ced5a389c11ce9b4ce097aa80a
metagenome_assembly_set	nmdc:MetagenomeAssembly	nmdc:e2908695c9e19027f9d346c7a471b557
metatranscriptome_activity_set	nmdc:metaT	nmdc:22aa0822c84f3d434517336c90a9454a
data_object_set	nmdc:DataObject	nmdc:cca9165b3f23bf0050cd2933fcece66d
data_object_set	nmdc:DataObject	nmdc:110848091e3295e82c3906656cdab7d2
data_object_set	nmdc:DataObject	nmdc:031713e4f9023d7b80bf59ac6455ba78
data_object_set	nmdc:DataObject	nmdc:c3b93c8e91026fbfedf62434f5e07569
data_object_set	nmdc:DataObject	nmdc:dc860148fbc2b89dbf21f871f085f3d4
data_object_set	nmdc:DataObject	nmdc:e050b599021abf0172aed3a5012abf81
data_object_set	nmdc:DataObject	nmdc:2cc64ff1380e4d096ba4eab74faeff06
data_object_set	nmdc:DataObject	nmdc:37fb25a011219a3f453842671cbc58d6
metagenome_assembly_set	nmdc:MetagenomeAssembly	nmdc:b99652c264b39b6df212a5e747b4373f
metatranscriptome_activity_set	nmdc:metaT	nmdc:cced94486ace30049db6f901c1371c36
data_object_set	nmdc:DataObject	nmdc:7d5bf586dd3c371e209533943045bdd8
data_object_set	nmdc:DataObject	nmdc:3dc75bd74502cbb74932c85d6482ca98
data_object_set	nmdc:DataObject	nmdc:dfa4536b8c1c617fbaaa64ad1ca1b45b
data_object_set	nmdc:DataObject	nmdc:6b46a9e9d3e7fcb56758f156b18b4712
data_object_set	nmdc:DataObject	nmdc:3af2c3d23f2fa5661d527201742e4470
data_object_set	nmdc:DataObject	nmdc:0e6a65f468ae640a5df0cafc49c5ad02
data_object_set	nmdc:DataObject	nmdc:a8f4b128eb3b3838c8f8ab4148f7365f
data_object_set	nmdc:DataObject	nmdc:d3ae400f0200e0e6ed234c1c2c2d3ff2
metagenome_assembly_set	nmdc:MetagenomeAssembly	nmdc:fb8b5bed0faee39b3ace4529f753ad6a
metatranscriptome_activity_set	nmdc:metaT	nmdc:6458a1f7a0068045170d96c3a1822f28
data_object_set	nmdc:DataObject	nmdc:89b215091fffc03897ec9009e93b79a8
data_object_set	nmdc:DataObject	nmdc:0c80bbab7d405704e1b515d6379465e2
data_object_set	nmdc:DataObject	nmdc:c3e6379945c227ccf561367b250802ab
data_object_set	nmdc:DataObject	nmdc:de1dc283fe454d9480313dce58c719b9
data_object_set	nmdc:DataObject	nmdc:3e6f8b9d78e6b05e736b99b93b783c17
data_object_set	nmdc:DataObject	nmdc:1ef396dd78ef4b9fd9cb50723b10fb2c
data_object_set	nmdc:DataObject	nmdc:4d18c6e01982ffea0306606ce840f9fb
data_object_set	nmdc:DataObject	nmdc:d3650b9a7a8a01ad6023bf7a2b222aa2
metagenome_assembly_set	nmdc:MetagenomeAssembly	nmdc:d8ff963e0ee3cb92bda5301953c89b5a
metatranscriptome_activity_set	nmdc:metaT	nmdc:0b68b5981874783436ecd3461d3672a6
data_object_set	nmdc:DataObject	nmdc:294455bde51fa45c75177f5b57953aff
data_object_set	nmdc:DataObject	nmdc:fdf2130774a58ccec868d42405af0603
data_object_set	nmdc:DataObject	nmdc:1c0c7de3bdbf7c007173a981be39f441
data_object_set	nmdc:DataObject	nmdc:8a71dd0c56c299520ad8698b24ba81b7
data_object_set	nmdc:DataObject	nmdc:ad63bd55d3201033983f9e98d8111c2f
data_object_set	nmdc:DataObject	nmdc:7fbd8d476fc8ec0b67c3ca3b8842cf3a
data_object_set	nmdc:DataObject	nmdc:71f86d611030ffbc071a6ce8bcb7a8a9
data_object_set	nmdc:DataObject	nmdc:37f43cc5c09636f2795507a5bc76ecbd
metagenome_assembly_set	nmdc:MetagenomeAssembly	nmdc:68ddec74b2ef773a4806f4ee3a9c8dde
metatranscriptome_activity_set	nmdc:metaT	nmdc:62a2fedbe461262eca0af847b1556b5d
data_object_set	nmdc:DataObject	nmdc:1278a177c90be0b0b6a5a114c680cef1
data_object_set	nmdc:DataObject	nmdc:dd9960a5f89ba7734c5e78f9ab9e0b81
data_object_set	nmdc:DataObject	nmdc:10cc6387932cfae3b8b9bc287ef7ac7b
data_object_set	nmdc:DataObject	nmdc:fecf4928adad0e006e5f01003202ebdb
data_object_set	nmdc:DataObject	nmdc:9a65211bc48a6a1ba42e2eab7f8188a9
data_object_set	nmdc:DataObject	nmdc:164b60e63f42c254a63ab4fdcc99655f
data_object_set	nmdc:DataObject	nmdc:9ead1d11cc61d29abc7c45bb1b05824d
data_object_set	nmdc:DataObject	nmdc:1e9af9e1ba511b86afd37c1675d4ba55
metagenome_assembly_set	nmdc:MetagenomeAssembly	nmdc:b6754664efd3d0292b03ac2d028923db
metatranscriptome_activity_set	nmdc:metaT	nmdc:2d7c075332d5f2295437b76f00f5f7d1
data_object_set	nmdc:DataObject	nmdc:f0bde2bed8ace76941cb0866ea7dc4f9
data_object_set	nmdc:DataObject	nmdc:ece367e98508e74a453eba76019fa7ae
data_object_set	nmdc:DataObject	nmdc:f376b01d23b7d97241b5df495bf3195c
data_object_set	nmdc:DataObject	nmdc:0e4b5066e3f5fcdbe358a45b7e5ddafa
data_object_set	nmdc:DataObject	nmdc:6de5b284342486e714e40f1cfc7f35a5
data_object_set	nmdc:DataObject	nmdc:d7bee0c012323e13610c9ede8025e5f5
data_object_set	nmdc:DataObject	nmdc:d124eb879d069373638ba78a03bc0ebe
data_object_set	nmdc:DataObject	nmdc:9ff8854c13f3b7a079492549943b6df2
metagenome_assembly_set	nmdc:MetagenomeAssembly	nmdc:504fbd42e87fcd5f7276744194a896a7
metatranscriptome_activity_set	nmdc:metaT	nmdc:ed88ffb0233fb3e49d716bb9112ed1d8
data_object_set	nmdc:DataObject	nmdc:5801824d99e5ec427971d3f02a4a819c
data_object_set	nmdc:DataObject	nmdc:8c74875400af4d8568fd797aa86bbdc5
data_object_set	nmdc:DataObject	nmdc:2963d59ff12f2003dde0a15ea10c621d
data_object_set	nmdc:DataObject	nmdc:67239d071633720171910856bd875bae
data_object_set	nmdc:DataObject	nmdc:86191210e25502a0d378be8df604bac3
data_object_set	nmdc:DataObject	nmdc:8d37e1afe8f5adcdca4359d8ec9ada44
data_object_set	nmdc:DataObject	nmdc:f7373922ee4981e36eb86e3acd77ff68
data_object_set	nmdc:DataObject	nmdc:dec3a65cd3d543a85c5a87f544215ed2
metagenome_assembly_set	nmdc:MetagenomeAssembly	nmdc:20d65d6d9d39a355512f06d0ce237749
metatranscriptome_activity_set	nmdc:metaT	nmdc:369043425a2ce67674644d6044224451
data_object_set	nmdc:DataObject	nmdc:e2ba41fb408b6709f8e61501d651c5f1
data_object_set	nmdc:DataObject	nmdc:d0b457b6f23087ba2af0d1532fcd79a8
data_object_set	nmdc:DataObject	nmdc:911ca34ba7f516b55bc0b5f59538ac28
data_object_set	nmdc:DataObject	nmdc:03cc36d770b32dde82a981b677c7a63c
data_object_set	nmdc:DataObject	nmdc:c0d3ebc25dbfa41c7f01e534979a67f5
data_object_set	nmdc:DataObject	nmdc:9eadb698377605a1b0d99a54fc970019
data_object_set	nmdc:DataObject	nmdc:cc13850e8afff115fc6d3056449e594e
data_object_set	nmdc:DataObject	nmdc:9ea222fd87108806d2047631faeae912
metagenome_assembly_set	nmdc:MetagenomeAssembly	nmdc:75f338a8ba040d01db3ea0ad9fb5b4d6
metatranscriptome_activity_set	nmdc:metaT	nmdc:754f813286cac3165f48ebe691dabc3e
data_object_set	nmdc:DataObject	nmdc:13c6ceef56bd4ad1113edcb9c3698e88
data_object_set	nmdc:DataObject	nmdc:da6e9a6548574c61dc0163b12adc5061
data_object_set	nmdc:DataObject	nmdc:ecc9b29d5a7e4270390c638e0640750f
data_object_set	nmdc:DataObject	nmdc:8ce8a1c8ae9e48bec3addb3323d4082d
data_object_set	nmdc:DataObject	nmdc:777104338c5abff4f7569c10b4f4d9a9
data_object_set	nmdc:DataObject	nmdc:e97dec3a31cb394a99c30b1da954f626
data_object_set	nmdc:DataObject	nmdc:68edf1160874fbfb685cf9c76f11fe5d
data_object_set	nmdc:DataObject	nmdc:e694e67f1b18f928c0b07cc9b36f91be
metagenome_assembly_set	nmdc:MetagenomeAssembly	nmdc:8a16344473cbd5ada06b85d06f6e414d
metatranscriptome_activity_set	nmdc:metaT	nmdc:47f893a6cc06ce197ef0822061012f97
data_object_set	nmdc:DataObject	nmdc:e1656e0537d95fcc443e542c45dd7a47
data_object_set	nmdc:DataObject	nmdc:fa2198bb898558ecbab4cd426c4f08fd
data_object_set	nmdc:DataObject	nmdc:6a0c9293b5a4cbce01b8d10dd32cd197
data_object_set	nmdc:DataObject	nmdc:f9f3c59ac243fdc9e330e28c26d35994
data_object_set	nmdc:DataObject	nmdc:21553a87efe28fb65d682af850aa6f31
data_object_set	nmdc:DataObject	nmdc:b38bd06bcee8747b8f52c5985eac3924
data_object_set	nmdc:DataObject	nmdc:a6f9b634e52b67769b6c3c8a5bc51d71
data_object_set	nmdc:DataObject	nmdc:6e165708348ccf28ca469f662c29b2b0
metagenome_assembly_set	nmdc:MetagenomeAssembly	nmdc:29ee749c0b3d705a90bec6709c296e3c
metatranscriptome_activity_set	nmdc:metaT	nmdc:76440cfb52c9d3791940661e863c5fa6
data_object_set	nmdc:DataObject	nmdc:54ce90d9ca1b5ad9e24f21fea7c46443
data_object_set	nmdc:DataObject	nmdc:29d38c4844246be99bfb4b2713e4c2fd
data_object_set	nmdc:DataObject	nmdc:08e4c99d859e9daaa15b66ea4e3177b9
data_object_set	nmdc:DataObject	nmdc:f64cd9b65a09ea7074b1356fcd73640a
data_object_set	nmdc:DataObject	nmdc:3d935aea413d28fddd9d9ff67cbf9c0f
data_object_set	nmdc:DataObject	nmdc:4cd6f9a54b05dd7a4cb70d0536557aee
data_object_set	nmdc:DataObject	nmdc:1bed2bac22376f844f85c589df6330f6
data_object_set	nmdc:DataObject	nmdc:604fe881370c675322fec1dd45016d17
metagenome_assembly_set	nmdc:MetagenomeAssembly	nmdc:57488f80e6938fa6a853cee697c92bdc
metatranscriptome_activity_set	nmdc:metaT	nmdc:88082b5b0ed9f0b43de674babd0f10d6
data_object_set	nmdc:DataObject	nmdc:32bd77df400ddb10ae15a03e9cfb16db
data_object_set	nmdc:DataObject	nmdc:14d6a0d411348b0ee3d86af4dd4427ee
data_object_set	nmdc:DataObject	nmdc:cf0dc62aaaed64dc46bf4ccf489231aa
data_object_set	nmdc:DataObject	nmdc:a02fc96a13be3a6c68a17c5562041390
data_object_set	nmdc:DataObject	nmdc:911eb027155fe1fdf6bddc4c9230093f
data_object_set	nmdc:DataObject	nmdc:cb1a5c7b585d25c721b79bd21acba9a9
data_object_set	nmdc:DataObject	nmdc:c6b2c8c679508df3a43f2ab829c206c0
data_object_set	nmdc:DataObject	nmdc:d6715b7b4258e8b77abbec69efe8c8d4
metagenome_assembly_set	nmdc:MetagenomeAssembly	nmdc:b2fc252cbbf188163f4f11cb479d806a
metatranscriptome_activity_set	nmdc:metaT	nmdc:bd9a4ddd68d17d1f0ed9342c525bbba6
data_object_set	nmdc:DataObject	nmdc:1004a33015f193c4c500b40050c54e9e
data_object_set	nmdc:DataObject	nmdc:34a0679281aea62f772a0b12baf9e907
data_object_set	nmdc:DataObject	nmdc:81f33bc4b2d086a86b06b91e34a6c066
data_object_set	nmdc:DataObject	nmdc:8fd2759064bedca385eb1e5fe12f6559
data_object_set	nmdc:DataObject	nmdc:f10e4d0e543cc3f6477f5a750d627501
data_object_set	nmdc:DataObject	nmdc:38f5ce7db8f640f6b70fa4f66bb7361f
data_object_set	nmdc:DataObject	nmdc:4360bc446b7babf20a2258fc61dcab21
data_object_set	nmdc:DataObject	nmdc:94b2d9e60b8db3564018bc28cb3dd344
metagenome_assembly_set	nmdc:MetagenomeAssembly	nmdc:8b5db3240d4d5694f78fbcd624fb5cb9
metatranscriptome_activity_set	nmdc:metaT	nmdc:cb247b6ae27ec683e88f2e569f6817fc
data_object_set	nmdc:DataObject	nmdc:295d3d3937adaa8229779ba500f15a45
data_object_set	nmdc:DataObject	nmdc:96ea6adace22e916cb0ce4cc9b0da2d2
data_object_set	nmdc:DataObject	nmdc:0b23098c708c4e4549942ad1f8a3609a
data_object_set	nmdc:DataObject	nmdc:42f6277e3f6ca9a6326de910f098019a
data_object_set	nmdc:DataObject	nmdc:552764cc1f91ff0cf6a216bfa16574ca
data_object_set	nmdc:DataObject	nmdc:2877482ed87193ad261ba6b035249fcd
data_object_set	nmdc:DataObject	nmdc:de2cc4b245ef86b8dcf11dd5de4132b7
data_object_set	nmdc:DataObject	nmdc:5c2df8f1562c0ff396d85583dd7d8396
metagenome_assembly_set	nmdc:MetagenomeAssembly	nmdc:41642708ea5ec56d2636e443e0783e20
metatranscriptome_activity_set	nmdc:metaT	nmdc:f93506086a0b0a78f3ae49e46addde0e
data_object_set	nmdc:DataObject	nmdc:baafdf8e1e8d61084ea57a45daffd9b7
data_object_set	nmdc:DataObject	nmdc:a53cc3caceafd7e4a288b31702d27e8e
data_object_set	nmdc:DataObject	nmdc:58e3251bbc3c2152e2808269d86a872c
data_object_set	nmdc:DataObject	nmdc:65645603a980f61f10a973334a193a56
data_object_set	nmdc:DataObject	nmdc:8ff88881fabab20ff0bd05224036f3ee
data_object_set	nmdc:DataObject	nmdc:d2a7ca47fd9b5e9338ebee9419950f37
data_object_set	nmdc:DataObject	nmdc:19bedaad721679cbbfda8993be30563a
data_object_set	nmdc:DataObject	nmdc:b09e6b8e603d3b77bbb4eef2589fbbc4
metagenome_assembly_set	nmdc:MetagenomeAssembly	nmdc:2c66e4afb9ccee54702cfee6147a4354
metatranscriptome_activity_set	nmdc:metaT	nmdc:81413537b3e6379a1f6ea3561cfe737c
data_object_set	nmdc:DataObject	nmdc:578af53896d39353291e10225c83d726
data_object_set	nmdc:DataObject	nmdc:9990d3a3c553a94cc74582391baba5b6
data_object_set	nmdc:DataObject	nmdc:6bdac3563b8453d80073d37261a236c0
data_object_set	nmdc:DataObject	nmdc:2a7758e73c8c0d5ce0d05cdd965bfcb2
data_object_set	nmdc:DataObject	nmdc:ef63ed3d9137d17d65bade077fd423d3
data_object_set	nmdc:DataObject	nmdc:77b7958eeed5deef399d6b394231e5a7
data_object_set	nmdc:DataObject	nmdc:397ba4d4363a26d0f69da5938241cc95
data_object_set	nmdc:DataObject	nmdc:504665aaf1effea043f1cb68afc29f97
metagenome_assembly_set	nmdc:MetagenomeAssembly	nmdc:cf6d49c6553be54fd69119f6aee65897
metatranscriptome_activity_set	nmdc:metaT	nmdc:5ca43c35d0d6221e62c411c498becbd8
data_object_set	nmdc:DataObject	nmdc:151cbaf206401942bc60259ec7cc19c2
data_object_set	nmdc:DataObject	nmdc:6e1ee8665c7abca18cf0a22fe2008a17
data_object_set	nmdc:DataObject	nmdc:805180d043ff0cc60cecd96b4fdf60e5
data_object_set	nmdc:DataObject	nmdc:6b5cf9bac96dda0639bd7c89ffdd14bf
data_object_set	nmdc:DataObject	nmdc:bf486e339f97499afc608f010bb489a1
data_object_set	nmdc:DataObject	nmdc:704b0770f0df0b7bcc9e0551829e4782
data_object_set	nmdc:DataObject	nmdc:611701f7a484ca98878b6311e11c13bb
data_object_set	nmdc:DataObject	nmdc:8cb083d46c7118ae27e5781a095ab2c5
metagenome_assembly_set	nmdc:MetagenomeAssembly	nmdc:16a1dcb1dfdb78954807299bda2dcee1
metatranscriptome_activity_set	nmdc:metaT	nmdc:c518af94e127cb4ee6ee8377abed8a6c
data_object_set	nmdc:DataObject	nmdc:a89a761c23be1b7f0e9b9a3d592ff718
data_object_set	nmdc:DataObject	nmdc:a9e8c7c81a46cf16ba13b918cbae0ee5
data_object_set	nmdc:DataObject	nmdc:2fcfc2c1a67784aa5d4bbb8d2f8f7903
data_object_set	nmdc:DataObject	nmdc:0b805b7c577ea85153b4219d737567e8
data_object_set	nmdc:DataObject	nmdc:48640d63af8d93caa1f8ec87d2afa02b
data_object_set	nmdc:DataObject	nmdc:52049656f7ce97dcf4a62b4bdb96e2f5
data_object_set	nmdc:DataObject	nmdc:8d5d3971b3a06f503d290b1be740a3d8
data_object_set	nmdc:DataObject	nmdc:4db8bc953f71459c8e65093ce5817949
metagenome_assembly_set	nmdc:MetagenomeAssembly	nmdc:2130a1b4cc787d674c7684fcf4a8767c
metatranscriptome_activity_set	nmdc:metaT	nmdc:67d1b2d871ee8ffa107c8367ef68205c
data_object_set	nmdc:DataObject	nmdc:3c9bfdab5d0cc5a776103406a75088e4
data_object_set	nmdc:DataObject	nmdc:e2f9e2106eee38cf5b6ea0f2c51b97b1
data_object_set	nmdc:DataObject	nmdc:99e322613e419fca82eadc54cf4f4497
data_object_set	nmdc:DataObject	nmdc:d3f743b189cdc50dfe39e4b56e95c9f7
data_object_set	nmdc:DataObject	nmdc:8818a149650445115fd7a4c52c5d7cb4
data_object_set	nmdc:DataObject	nmdc:1bfb9a3bb18b8382d3dcd773077b9deb
data_object_set	nmdc:DataObject	nmdc:503e153b8be903bec4d3cdeca215dd1c
data_object_set	nmdc:DataObject	nmdc:d01fbc2f3b716eaf35b7ba3017bb35a9
metagenome_assembly_set	nmdc:MetagenomeAssembly	nmdc:b072bc269b4804c0fe8961b63d0e5a2f
metatranscriptome_activity_set	nmdc:metaT	nmdc:81d54c41937fe61ddb8b1c40ab0b85a6
data_object_set	nmdc:DataObject	nmdc:81b7d275fa674ae7dc14738e8dbaade8
data_object_set	nmdc:DataObject	nmdc:c3969d9315b13bf906968c27791a0a86
data_object_set	nmdc:DataObject	nmdc:fc410ae4d091fda75fc3f59a2a99c470
data_object_set	nmdc:DataObject	nmdc:f95010eb7d9e77d6e133f3d93a5f7a5f
data_object_set	nmdc:DataObject	nmdc:8aeef3165c276deac2d0c4d3854fa0a5
data_object_set	nmdc:DataObject	nmdc:7e8e5b8036c5a21631b1c631b16ff32f
data_object_set	nmdc:DataObject	nmdc:6b4f34cc3405f25640fa383f8cf2c6ed
data_object_set	nmdc:DataObject	nmdc:6813a65fa09cdddbc99013aded08ea67
metagenome_assembly_set	nmdc:MetagenomeAssembly	nmdc:c5c187a4a11a2198c7d93b05ed188740
metatranscriptome_activity_set	nmdc:metaT	nmdc:7d5d57e00c94e8bb4eafb2645d65a445
data_object_set	nmdc:DataObject	nmdc:a60b7a1f06802a78b0fd3dc7dd32214b
data_object_set	nmdc:DataObject	nmdc:e67956b6e52f63073cf14ee4c2e03df7
data_object_set	nmdc:DataObject	nmdc:d5c590aea9cbfbc594d21d5ed20f6fdf
data_object_set	nmdc:DataObject	nmdc:0c87cdfacbd4c50ac0415eac58ada24d
data_object_set	nmdc:DataObject	nmdc:c75f18056db4a522111e346bd67f8957
data_object_set	nmdc:DataObject	nmdc:ca92744bcb82e095f898c0b040e09bc7
data_object_set	nmdc:DataObject	nmdc:33b14acd70334547ab629e4db9bc17d3
data_object_set	nmdc:DataObject	nmdc:6cd7e4019eed25a346b59f67aac22c14
metagenome_assembly_set	nmdc:MetagenomeAssembly	nmdc:0fac97e712982fee499f5f4782dc9f73
metatranscriptome_activity_set	nmdc:metaT	nmdc:4b78fd45bcfe9c402e2ed9d6df347067
data_object_set	nmdc:DataObject	nmdc:a5866271e9dba25b87daf4f5f829c80f
data_object_set	nmdc:DataObject	nmdc:c544e4e3e327b4f3ce05107d093dd9c2
data_object_set	nmdc:DataObject	nmdc:41ae2dfb91b889a47a9d83e85643c174
data_object_set	nmdc:DataObject	nmdc:866150ef49ced1f46a2afcf52190f30e
data_object_set	nmdc:DataObject	nmdc:089c06178ac2f66bb1f6a0ca36d38ff9
data_object_set	nmdc:DataObject	nmdc:64a864477cd77f962e7e53f421c182b0
data_object_set	nmdc:DataObject	nmdc:4e9f2b78a15caddd4ff5591c3d1347a1
data_object_set	nmdc:DataObject	nmdc:538fe856c9ef3dca4d0d3421f4720251
metagenome_assembly_set	nmdc:MetagenomeAssembly	nmdc:c9ec9cec759492bd191aa606becd6638
metatranscriptome_activity_set	nmdc:metaT	nmdc:14a60196afaedbaea12d59cb50fe7e92
data_object_set	nmdc:DataObject	nmdc:aff19dc88689c91fe38996803802ed95
data_object_set	nmdc:DataObject	nmdc:a93b163bacb9f2b9577e1f0766572c9d
data_object_set	nmdc:DataObject	nmdc:cdc5e73e03da914d7e7a7a655f66e926
data_object_set	nmdc:DataObject	nmdc:a1e57eb8209fd813925a41d00af297a6
data_object_set	nmdc:DataObject	nmdc:84d6a59330789e9d42af55442b3dacd5
data_object_set	nmdc:DataObject	nmdc:1b5cad2c716371653e63bda1c5d0795b
data_object_set	nmdc:DataObject	nmdc:174aeb2879098061db914c1349b58638
data_object_set	nmdc:DataObject	nmdc:25e24bb8e4bd0d118491837652e618ad
metagenome_assembly_set	nmdc:MetagenomeAssembly	nmdc:48baa49f621c8202312553a5a2e5fc1d
metatranscriptome_activity_set	nmdc:metaT	nmdc:ed53f220db627936f9e5ca5fd3d6f9e9
